Designator,Footprint,Quantity,Value,LCSC Part #
BEC_5V_OUT1,PinHeader_2x02_P2.54mm_Vertical_SMD,1,~,
C3,CP_EIA-6032-28_Kemet-C_HandSolder,1,BEC_50V_20uF,
C4,1206,1,SER_16V_10uF,
C5,1206,1,CAM_16V_10uF,
C6,1206,1,ESP_16V_10uF,
C7,1206,1,STM_16V_10uF,
"D1, D2",D_SOD-123,2,D_Schottky,
JST-SH1,JST_XH_S8B-XH-A_1x08_P2.50mm_Horizontal,1,Conn_01x08_Socket,
JST-SH2,JST_XH_S5B-XH-A_1x05_P2.50mm_Horizontal,1,Conn_01x05_Socket,
"R1, R2",0805,2,330,
S1,imu_footprint,1,AdaFruit_LSM6DS3_Symbol,
U1,BlackPill AT32F403ACx WeActStudio,1,STM32F411CEU6 - BlackPill,
U2,XIAO-ESP32-C6-DIP,1,XIAO-ESP32-C6-SMD,
